POA_CODE_2021,POA_NAME_2021,LHD_CODE,lhd_name,FRAC_INCLUDED
2000,2000,X700,Sydney Local Health District,0.05
2000,2000,X720,South Eastern Sydney Local Health District,0.95
2007,2007,X700,Sydney Local Health District,0.96
2007,2007,X720,South Eastern Sydney Local Health District,0.04
2008,2008,X700,Sydney Local Health District,1.00
2008,2008,X720,South Eastern Sydney Local Health District,0.00
2009,2009,X700,Sydney Local Health District,1.00
2010,2010,X700,Sydney Local Health District,0.04
2010,2010,X720,South Eastern Sydney Local Health District,0.96
2011,2011,X720,South Eastern Sydney Local Health District,1.00
2015,2015,X700,Sydney Local Health District,1.00
2015,2015,X720,South Eastern Sydney Local Health District,0.00
2016,2016,X700,Sydney Local Health District,1.00
2017,2017,X700,Sydney Local Health District,1.00
2017,2017,X720,South Eastern Sydney Local Health District,0.00
2018,2018,X700,Sydney Local Health District,0.37
2018,2018,X720,South Eastern Sydney Local Health District,0.63
2019,2019,X720,South Eastern Sydney Local Health District,1.00
2020,2020,X700,Sydney Local Health District,0.02
2020,2020,X720,South Eastern Sydney Local Health District,0.98
2021,2021,X720,South Eastern Sydney Local Health District,1.00
2022,2022,X720,South Eastern Sydney Local Health District,1.00
2023,2023,X720,South Eastern Sydney Local Health District,1.00
2024,2024,X720,South Eastern Sydney Local Health District,1.00
2025,2025,X720,South Eastern Sydney Local Health District,1.00
2026,2026,X720,South Eastern Sydney Local Health District,1.00
2027,2027,X720,South Eastern Sydney Local Health District,0.97
2028,2028,X720,South Eastern Sydney Local Health District,0.99
2029,2029,X720,South Eastern Sydney Local Health District,0.99
2030,2030,X720,South Eastern Sydney Local Health District,0.98
2031,2031,X720,South Eastern Sydney Local Health District,1.00
2032,2032,X720,South Eastern Sydney Local Health District,1.00
2033,2033,X720,South Eastern Sydney Local Health District,1.00
2034,2034,X720,South Eastern Sydney Local Health District,1.00
2035,2035,X720,South Eastern Sydney Local Health District,1.00
2036,2036,X720,South Eastern Sydney Local Health District,0.99
2037,2037,X700,Sydney Local Health District,1.00
2038,2038,X700,Sydney Local Health District,1.00
2039,2039,X700,Sydney Local Health District,0.99
2040,2040,X700,Sydney Local Health District,1.00
2041,2041,X700,Sydney Local Health District,0.96
2041,2041,X720,South Eastern Sydney Local Health District,0.03
2042,2042,X700,Sydney Local Health District,1.00
2043,2043,X700,Sydney Local Health District,1.00
2044,2044,X700,Sydney Local Health District,1.00
2044,2044,X720,South Eastern Sydney Local Health District,0.00
2045,2045,X700,Sydney Local Health District,1.00
2046,2046,X700,Sydney Local Health District,1.00
2047,2047,X700,Sydney Local Health District,0.97
2048,2048,X700,Sydney Local Health District,1.00
2049,2049,X700,Sydney Local Health District,1.00
2050,2050,X700,Sydney Local Health District,1.00
2060,2060,X760,Northern Sydney Local Health District,1.00
2061,2061,X760,Northern Sydney Local Health District,1.00
2062,2062,X760,Northern Sydney Local Health District,1.00
2063,2063,X760,Northern Sydney Local Health District,1.00
2064,2064,X760,Northern Sydney Local Health District,1.00
2065,2065,X760,Northern Sydney Local Health District,1.00
2066,2066,X760,Northern Sydney Local Health District,0.99
2067,2067,X760,Northern Sydney Local Health District,0.99
2068,2068,X760,Northern Sydney Local Health District,0.99
2069,2069,X760,Northern Sydney Local Health District,0.99
2070,2070,X760,Northern Sydney Local Health District,1.00
2071,2071,X760,Northern Sydney Local Health District,1.00
2072,2072,X760,Northern Sydney Local Health District,1.00
2073,2073,X760,Northern Sydney Local Health District,1.00
2074,2074,X760,Northern Sydney Local Health District,1.00
2075,2075,X760,Northern Sydney Local Health District,1.00
2076,2076,X760,Northern Sydney Local Health District,1.00
2077,2077,X760,Northern Sydney Local Health District,1.00
2079,2079,X760,Northern Sydney Local Health District,1.00
2080,2080,X760,Northern Sydney Local Health District,1.00
2081,2081,X760,Northern Sydney Local Health District,1.00
2082,2082,X760,Northern Sydney Local Health District,1.00
2083,2083,X760,Northern Sydney Local Health District,0.72
2083,2083,X770,Central Coast Local Health District,0.28
2084,2084,X760,Northern Sydney Local Health District,1.00
2085,2085,X760,Northern Sydney Local Health District,1.00
2086,2086,X760,Northern Sydney Local Health District,1.00
2087,2087,X760,Northern Sydney Local Health District,1.00
2088,2088,X760,Northern Sydney Local Health District,0.98
2089,2089,X760,Northern Sydney Local Health District,1.00
2090,2090,X760,Northern Sydney Local Health District,1.00
2092,2092,X760,Northern Sydney Local Health District,0.99
2093,2093,X760,Northern Sydney Local Health District,0.99
2094,2094,X760,Northern Sydney Local Health District,0.99
2095,2095,X760,Northern Sydney Local Health District,0.99
2096,2096,X760,Northern Sydney Local Health District,1.00
2097,2097,X760,Northern Sydney Local Health District,1.00
2099,2099,X760,Northern Sydney Local Health District,1.00
2100,2100,X760,Northern Sydney Local Health District,1.00
2101,2101,X760,Northern Sydney Local Health District,1.00
2102,2102,X760,Northern Sydney Local Health District,1.00
2103,2103,X760,Northern Sydney Local Health District,1.00
2104,2104,X760,Northern Sydney Local Health District,1.00
2105,2105,X760,Northern Sydney Local Health District,1.00
2106,2106,X760,Northern Sydney Local Health District,0.99
2107,2107,X760,Northern Sydney Local Health District,1.00
2108,2108,X760,Northern Sydney Local Health District,0.99
2110,2110,X760,Northern Sydney Local Health District,0.94
2111,2111,X760,Northern Sydney Local Health District,0.99
2112,2112,X760,Northern Sydney Local Health District,1.00
2113,2113,X760,Northern Sydney Local Health District,1.00
2114,2114,X740,Western Sydney Local Health District,0.10
2114,2114,X760,Northern Sydney Local Health District,0.90
2115,2115,X740,Western Sydney Local Health District,1.00
2115,2115,X760,Northern Sydney Local Health District,0.00
2116,2116,X740,Western Sydney Local Health District,1.00
2117,2117,X740,Western Sydney Local Health District,1.00
2117,2117,X760,Northern Sydney Local Health District,0.00
2118,2118,X740,Western Sydney Local Health District,0.85
2118,2118,X760,Northern Sydney Local Health District,0.15
2119,2119,X740,Western Sydney Local Health District,0.01
2119,2119,X760,Northern Sydney Local Health District,0.99
2120,2120,X760,Northern Sydney Local Health District,1.00
2121,2121,X740,Western Sydney Local Health District,0.25
2121,2121,X760,Northern Sydney Local Health District,0.75
2122,2122,X740,Western Sydney Local Health District,0.11
2122,2122,X760,Northern Sydney Local Health District,0.89
2125,2125,X740,Western Sydney Local Health District,0.84
2125,2125,X760,Northern Sydney Local Health District,0.16
2126,2126,X760,Northern Sydney Local Health District,1.00
2127,2127,X700,Sydney Local Health District,0.04
2127,2127,X740,Western Sydney Local Health District,0.96
2128,2128,X740,Western Sydney Local Health District,1.00
2130,2130,X700,Sydney Local Health District,1.00
2131,2131,X700,Sydney Local Health District,1.00
2132,2132,X700,Sydney Local Health District,1.00
2133,2133,X700,Sydney Local Health District,1.00
2134,2134,X700,Sydney Local Health District,1.00
2135,2135,X700,Sydney Local Health District,1.00
2136,2136,X700,Sydney Local Health District,1.00
2136,2136,X710,South Western Sydney Local Health District,0.00
2137,2137,X700,Sydney Local Health District,1.00
2138,2138,X700,Sydney Local Health District,0.99
2140,2140,X700,Sydney Local Health District,0.99
2140,2140,X740,Western Sydney Local Health District,0.01
2141,2141,X740,Western Sydney Local Health District,1.00
2142,2142,X740,Western Sydney Local Health District,1.00
2143,2143,X710,South Western Sydney Local Health District,0.67
2143,2143,X740,Western Sydney Local Health District,0.33
2144,2144,X710,South Western Sydney Local Health District,0.00
2144,2144,X740,Western Sydney Local Health District,1.00
2145,2145,X740,Western Sydney Local Health District,1.00
2146,2146,X740,Western Sydney Local Health District,1.00
2147,2147,X740,Western Sydney Local Health District,1.00
2148,2148,X710,South Western Sydney Local Health District,0.00
2148,2148,X740,Western Sydney Local Health District,1.00
2150,2150,X740,Western Sydney Local Health District,1.00
2151,2151,X740,Western Sydney Local Health District,1.00
2152,2152,X740,Western Sydney Local Health District,1.00
2153,2153,X740,Western Sydney Local Health District,1.00
2154,2154,X740,Western Sydney Local Health District,0.88
2154,2154,X760,Northern Sydney Local Health District,0.12
2155,2155,X740,Western Sydney Local Health District,1.00
2156,2156,X740,Western Sydney Local Health District,0.98
2156,2156,X760,Northern Sydney Local Health District,0.01
2157,2157,X740,Western Sydney Local Health District,0.44
2157,2157,X760,Northern Sydney Local Health District,0.56
2158,2158,X740,Western Sydney Local Health District,0.35
2158,2158,X760,Northern Sydney Local Health District,0.65
2159,2159,X760,Northern Sydney Local Health District,1.00
2160,2160,X740,Western Sydney Local Health District,1.00
2161,2161,X710,South Western Sydney Local Health District,0.16
2161,2161,X740,Western Sydney Local Health District,0.84
2162,2162,X710,South Western Sydney Local Health District,0.91
2162,2162,X740,Western Sydney Local Health District,0.09
2163,2163,X710,South Western Sydney Local Health District,1.00
2164,2164,X710,South Western Sydney Local Health District,0.77
2164,2164,X740,Western Sydney Local Health District,0.23
2165,2165,X710,South Western Sydney Local Health District,1.00
2165,2165,X740,Western Sydney Local Health District,0.00
2166,2166,X710,South Western Sydney Local Health District,1.00
2167,2167,X710,South Western Sydney Local Health District,1.00
2168,2168,X710,South Western Sydney Local Health District,1.00
2170,2170,X710,South Western Sydney Local Health District,1.00
2171,2171,X710,South Western Sydney Local Health District,1.00
2172,2172,X710,South Western Sydney Local Health District,0.89
2172,2172,X720,South Eastern Sydney Local Health District,0.11
2173,2173,X710,South Western Sydney Local Health District,0.83
2173,2173,X720,South Eastern Sydney Local Health District,0.17
2174,2174,X710,South Western Sydney Local Health District,1.00
2175,2175,X710,South Western Sydney Local Health District,1.00
2175,2175,X740,Western Sydney Local Health District,0.00
2176,2176,X710,South Western Sydney Local Health District,1.00
2177,2177,X710,South Western Sydney Local Health District,1.00
2178,2178,X710,South Western Sydney Local Health District,0.49
2178,2178,X750,Nepean Blue Mountains Local Health District,0.51
2179,2179,X710,South Western Sydney Local Health District,1.00
2190,2190,X700,Sydney Local Health District,0.16
2190,2190,X710,South Western Sydney Local Health District,0.84
2191,2191,X700,Sydney Local Health District,1.00
2192,2192,X700,Sydney Local Health District,1.00
2193,2193,X700,Sydney Local Health District,1.00
2194,2194,X700,Sydney Local Health District,1.00
2195,2195,X700,Sydney Local Health District,1.00
2195,2195,X710,South Western Sydney Local Health District,0.00
2196,2196,X700,Sydney Local Health District,0.74
2196,2196,X710,South Western Sydney Local Health District,0.26
2197,2197,X710,South Western Sydney Local Health District,1.00
2198,2198,X710,South Western Sydney Local Health District,1.00
2199,2199,X710,South Western Sydney Local Health District,1.00
2200,2200,X710,South Western Sydney Local Health District,1.00
2203,2203,X700,Sydney Local Health District,1.00
2204,2204,X700,Sydney Local Health District,1.00
2205,2205,X700,Sydney Local Health District,0.00
2205,2205,X720,South Eastern Sydney Local Health District,1.00
2206,2206,X700,Sydney Local Health District,1.00
2206,2206,X720,South Eastern Sydney Local Health District,0.00
2207,2207,X720,South Eastern Sydney Local Health District,1.00
2208,2208,X700,Sydney Local Health District,0.50
2208,2208,X720,South Eastern Sydney Local Health District,0.50
2209,2209,X700,Sydney Local Health District,0.40
2209,2209,X720,South Eastern Sydney Local Health District,0.60
2210,2210,X700,Sydney Local Health District,0.23
2210,2210,X710,South Western Sydney Local Health District,0.00
2210,2210,X720,South Eastern Sydney Local Health District,0.77
2211,2211,X700,Sydney Local Health District,0.00
2211,2211,X710,South Western Sydney Local Health District,1.00
2211,2211,X720,South Eastern Sydney Local Health District,0.00
2212,2212,X710,South Western Sydney Local Health District,1.00
2213,2213,X710,South Western Sydney Local Health District,1.00
2213,2213,X720,South Eastern Sydney Local Health District,0.00
2214,2214,X710,South Western Sydney Local Health District,1.00
2216,2216,X720,South Eastern Sydney Local Health District,0.99
2217,2217,X720,South Eastern Sydney Local Health District,1.00
2218,2218,X720,South Eastern Sydney Local Health District,1.00
2219,2219,X720,South Eastern Sydney Local Health District,0.99
2220,2220,X720,South Eastern Sydney Local Health District,1.00
2221,2221,X720,South Eastern Sydney Local Health District,1.00
2222,2222,X720,South Eastern Sydney Local Health District,1.00
2223,2223,X720,South Eastern Sydney Local Health District,1.00
2224,2224,X720,South Eastern Sydney Local Health District,1.00
2225,2225,X720,South Eastern Sydney Local Health District,1.00
2226,2226,X720,South Eastern Sydney Local Health District,1.00
2227,2227,X720,South Eastern Sydney Local Health District,1.00
2228,2228,X720,South Eastern Sydney Local Health District,1.00
2229,2229,X720,South Eastern Sydney Local Health District,1.00
2230,2230,X720,South Eastern Sydney Local Health District,1.00
2231,2231,X720,South Eastern Sydney Local Health District,1.00
2232,2232,X720,South Eastern Sydney Local Health District,1.00
2233,2233,X720,South Eastern Sydney Local Health District,1.00
2233,2233,X730,Illawarra Shoalhaven Local Health District,0.00
2234,2234,X710,South Western Sydney Local Health District,0.00
2234,2234,X720,South Eastern Sydney Local Health District,1.00
2250,2250,X750,Nepean Blue Mountains Local Health District,0.01
2250,2250,X770,Central Coast Local Health District,0.96
2250,2250,X800,Hunter New England Local Health District,0.02
2251,2251,X770,Central Coast Local Health District,1.00
2256,2256,X770,Central Coast Local Health District,1.00
2257,2257,X770,Central Coast Local Health District,1.00
2258,2258,X770,Central Coast Local Health District,1.00
2259,2259,X770,Central Coast Local Health District,0.89
2259,2259,X800,Hunter New England Local Health District,0.11
2260,2260,X770,Central Coast Local Health District,1.00
2261,2261,X770,Central Coast Local Health District,1.00
2262,2262,X770,Central Coast Local Health District,1.00
2262,2262,X800,Hunter New England Local Health District,0.00
2263,2263,X770,Central Coast Local Health District,1.00
2264,2264,X770,Central Coast Local Health District,0.00
2264,2264,X800,Hunter New England Local Health District,1.00
2265,2265,X770,Central Coast Local Health District,0.00
2265,2265,X800,Hunter New England Local Health District,1.00
2267,2267,X800,Hunter New England Local Health District,1.00
2278,2278,X800,Hunter New England Local Health District,1.00
2280,2280,X800,Hunter New England Local Health District,1.00
2281,2281,X800,Hunter New England Local Health District,1.00
2282,2282,X800,Hunter New England Local Health District,1.00
2283,2283,X800,Hunter New England Local Health District,1.00
2284,2284,X800,Hunter New England Local Health District,1.00
2285,2285,X800,Hunter New England Local Health District,1.00
2286,2286,X800,Hunter New England Local Health District,1.00
2287,2287,X800,Hunter New England Local Health District,1.00
2289,2289,X800,Hunter New England Local Health District,1.00
2290,2290,X800,Hunter New England Local Health District,1.00
2291,2291,X800,Hunter New England Local Health District,1.00
2292,2292,X800,Hunter New England Local Health District,1.00
2293,2293,X800,Hunter New England Local Health District,1.00
2294,2294,X800,Hunter New England Local Health District,1.00
2295,2295,X800,Hunter New England Local Health District,1.00
2296,2296,X800,Hunter New England Local Health District,1.00
2297,2297,X800,Hunter New England Local Health District,1.00
2298,2298,X800,Hunter New England Local Health District,1.00
2299,2299,X800,Hunter New England Local Health District,1.00
2300,2300,X800,Hunter New England Local Health District,1.00
2302,2302,X800,Hunter New England Local Health District,1.00
2303,2303,X800,Hunter New England Local Health District,1.00
2304,2304,X800,Hunter New England Local Health District,1.00
2305,2305,X800,Hunter New England Local Health District,1.00
2306,2306,X800,Hunter New England Local Health District,1.00
2307,2307,X800,Hunter New England Local Health District,1.00
2308,2308,X800,Hunter New England Local Health District,1.00
2311,2311,X800,Hunter New England Local Health District,1.00
2312,2312,X800,Hunter New England Local Health District,1.00
2315,2315,X800,Hunter New England Local Health District,1.00
2316,2316,X800,Hunter New England Local Health District,1.00
2317,2317,X800,Hunter New England Local Health District,1.00
2318,2318,X800,Hunter New England Local Health District,1.00
2319,2319,X800,Hunter New England Local Health District,1.00
2320,2320,X800,Hunter New England Local Health District,1.00
2321,2321,X800,Hunter New England Local Health District,1.00
2322,2322,X800,Hunter New England Local Health District,1.00
2323,2323,X800,Hunter New England Local Health District,1.00
2324,2324,X800,Hunter New England Local Health District,1.00
2325,2325,X800,Hunter New England Local Health District,1.00
2326,2326,X800,Hunter New England Local Health District,1.00
2327,2327,X800,Hunter New England Local Health District,1.00
2328,2328,X800,Hunter New England Local Health District,1.00
2329,2329,X800,Hunter New England Local Health District,0.93
2329,2329,X850,Western NSW Local Health District,0.07
2330,2330,X750,Nepean Blue Mountains Local Health District,0.04
2330,2330,X800,Hunter New England Local Health District,0.96
2331,2331,X800,Hunter New England Local Health District,1.00
2333,2333,X800,Hunter New England Local Health District,1.00
2334,2334,X800,Hunter New England Local Health District,1.00
2335,2335,X800,Hunter New England Local Health District,1.00
2336,2336,X800,Hunter New England Local Health District,1.00
2337,2337,X800,Hunter New England Local Health District,1.00
2338,2338,X800,Hunter New England Local Health District,1.00
2339,2339,X800,Hunter New England Local Health District,1.00
2340,2340,X800,Hunter New England Local Health District,1.00
2341,2341,X800,Hunter New England Local Health District,1.00
2342,2342,X800,Hunter New England Local Health District,1.00
2343,2343,X800,Hunter New England Local Health District,1.00
2344,2344,X800,Hunter New England Local Health District,1.00
2345,2345,X800,Hunter New England Local Health District,1.00
2346,2346,X800,Hunter New England Local Health District,1.00
2347,2347,X800,Hunter New England Local Health District,1.00
2350,2350,X800,Hunter New England Local Health District,1.00
2352,2352,X800,Hunter New England Local Health District,1.00
2353,2353,X800,Hunter New England Local Health District,1.00
2354,2354,X800,Hunter New England Local Health District,1.00
2355,2355,X800,Hunter New England Local Health District,1.00
2356,2356,X800,Hunter New England Local Health District,1.00
2357,2357,X850,Western NSW Local Health District,1.00
2358,2358,X800,Hunter New England Local Health District,1.00
2359,2359,X800,Hunter New England Local Health District,1.00
2360,2360,X800,Hunter New England Local Health District,1.00
2361,2361,X800,Hunter New England Local Health District,1.00
2365,2365,X800,Hunter New England Local Health District,0.95
2365,2365,X810,Northern NSW Local Health District,0.05
2369,2369,X800,Hunter New England Local Health District,1.00
2370,2370,X800,Hunter New England Local Health District,0.89
2370,2370,X810,Northern NSW Local Health District,0.11
2371,2371,X800,Hunter New England Local Health District,1.00
2372,2372,X800,Hunter New England Local Health District,1.00
2379,2379,X800,Hunter New England Local Health District,0.31
2379,2379,X850,Western NSW Local Health District,0.69
2380,2380,X800,Hunter New England Local Health District,1.00
2381,2381,X800,Hunter New England Local Health District,0.72
2381,2381,X850,Western NSW Local Health District,0.28
2382,2382,X800,Hunter New England Local Health District,1.00
2386,2386,X800,Hunter New England Local Health District,0.32
2386,2386,X850,Western NSW Local Health District,0.68
2387,2387,X800,Hunter New England Local Health District,0.35
2387,2387,X850,Western NSW Local Health District,0.65
2388,2388,X800,Hunter New England Local Health District,0.86
2388,2388,X850,Western NSW Local Health District,0.14
2390,2390,X800,Hunter New England Local Health District,1.00
2395,2395,X850,Western NSW Local Health District,1.00
2396,2396,X850,Western NSW Local Health District,1.00
2397,2397,X800,Hunter New England Local Health District,1.00
2398,2398,X800,Hunter New England Local Health District,1.00
2399,2399,X800,Hunter New England Local Health District,1.00
2400,2400,X800,Hunter New England Local Health District,1.00
2401,2401,X800,Hunter New England Local Health District,1.00
2402,2402,X800,Hunter New England Local Health District,1.00
2403,2403,X800,Hunter New England Local Health District,1.00
2404,2404,X800,Hunter New England Local Health District,1.00
2405,2405,X800,Hunter New England Local Health District,1.00
2406,2406,X800,Hunter New England Local Health District,0.67
2408,2408,X800,Hunter New England Local Health District,1.00
2409,2409,X800,Hunter New England Local Health District,1.00
2410,2410,X800,Hunter New England Local Health District,1.00
2411,2411,X800,Hunter New England Local Health District,1.00
2415,2415,X800,Hunter New England Local Health District,1.00
2420,2420,X800,Hunter New England Local Health District,1.00
2421,2421,X800,Hunter New England Local Health District,1.00
2422,2422,X800,Hunter New England Local Health District,1.00
2423,2423,X800,Hunter New England Local Health District,1.00
2424,2424,X800,Hunter New England Local Health District,1.00
2425,2425,X800,Hunter New England Local Health District,1.00
2426,2426,X800,Hunter New England Local Health District,1.00
2427,2427,X800,Hunter New England Local Health District,1.00
2428,2428,X800,Hunter New England Local Health District,1.00
2429,2429,X800,Hunter New England Local Health District,0.91
2429,2429,X820,Mid North Coast Local Health District,0.09
2430,2430,X800,Hunter New England Local Health District,1.00
2431,2431,X820,Mid North Coast Local Health District,1.00
2439,2439,X820,Mid North Coast Local Health District,1.00
2440,2440,X800,Hunter New England Local Health District,0.14
2440,2440,X820,Mid North Coast Local Health District,0.86
2441,2441,X820,Mid North Coast Local Health District,1.00
2443,2443,X800,Hunter New England Local Health District,0.72
2443,2443,X820,Mid North Coast Local Health District,0.28
2444,2444,X820,Mid North Coast Local Health District,1.00
2445,2445,X820,Mid North Coast Local Health District,1.00
2446,2446,X800,Hunter New England Local Health District,0.00
2446,2446,X820,Mid North Coast Local Health District,1.00
2447,2447,X820,Mid North Coast Local Health District,1.00
2448,2448,X820,Mid North Coast Local Health District,1.00
2449,2449,X820,Mid North Coast Local Health District,1.00
2450,2450,X810,Northern NSW Local Health District,0.16
2450,2450,X820,Mid North Coast Local Health District,0.83
2452,2452,X820,Mid North Coast Local Health District,1.00
2453,2453,X800,Hunter New England Local Health District,0.16
2453,2453,X810,Northern NSW Local Health District,0.55
2453,2453,X820,Mid North Coast Local Health District,0.29
2454,2454,X820,Mid North Coast Local Health District,1.00
2455,2455,X820,Mid North Coast Local Health District,1.00
2456,2456,X820,Mid North Coast Local Health District,1.00
2460,2460,X800,Hunter New England Local Health District,0.00
2460,2460,X810,Northern NSW Local Health District,0.98
2460,2460,X820,Mid North Coast Local Health District,0.01
2462,2462,X810,Northern NSW Local Health District,1.00
2463,2463,X810,Northern NSW Local Health District,1.00
2464,2464,X810,Northern NSW Local Health District,1.00
2465,2465,X810,Northern NSW Local Health District,1.00
2466,2466,X810,Northern NSW Local Health District,1.00
2469,2469,X800,Hunter New England Local Health District,0.14
2469,2469,X810,Northern NSW Local Health District,0.86
2470,2470,X810,Northern NSW Local Health District,1.00
2471,2471,X810,Northern NSW Local Health District,1.00
2472,2472,X810,Northern NSW Local Health District,1.00
2473,2473,X810,Northern NSW Local Health District,1.00
2474,2474,X810,Northern NSW Local Health District,1.00
2475,2475,X810,Northern NSW Local Health District,1.00
2476,2476,X800,Hunter New England Local Health District,0.34
2476,2476,X810,Northern NSW Local Health District,0.66
2477,2477,X810,Northern NSW Local Health District,1.00
2478,2478,X810,Northern NSW Local Health District,1.00
2479,2479,X810,Northern NSW Local Health District,1.00
2480,2480,X810,Northern NSW Local Health District,1.00
2481,2481,X810,Northern NSW Local Health District,1.00
2482,2482,X810,Northern NSW Local Health District,1.00
2483,2483,X810,Northern NSW Local Health District,1.00
2484,2484,X810,Northern NSW Local Health District,1.00
2485,2485,X810,Northern NSW Local Health District,1.00
2486,2486,X810,Northern NSW Local Health District,1.00
2487,2487,X810,Northern NSW Local Health District,1.00
2488,2488,X810,Northern NSW Local Health District,1.00
2489,2489,X810,Northern NSW Local Health District,1.00
2490,2490,X810,Northern NSW Local Health District,1.00
2500,2500,X730,Illawarra Shoalhaven Local Health District,1.00
2502,2502,X730,Illawarra Shoalhaven Local Health District,1.00
2505,2505,X730,Illawarra Shoalhaven Local Health District,0.99
2506,2506,X730,Illawarra Shoalhaven Local Health District,1.00
2508,2508,X710,South Western Sydney Local Health District,0.14
2508,2508,X720,South Eastern Sydney Local Health District,0.03
2508,2508,X730,Illawarra Shoalhaven Local Health District,0.83
2515,2515,X730,Illawarra Shoalhaven Local Health District,1.00
2516,2516,X730,Illawarra Shoalhaven Local Health District,1.00
2517,2517,X730,Illawarra Shoalhaven Local Health District,1.00
2518,2518,X730,Illawarra Shoalhaven Local Health District,1.00
2519,2519,X730,Illawarra Shoalhaven Local Health District,1.00
2525,2525,X730,Illawarra Shoalhaven Local Health District,1.00
2526,2526,X730,Illawarra Shoalhaven Local Health District,1.00
2527,2527,X710,South Western Sydney Local Health District,0.00
2527,2527,X730,Illawarra Shoalhaven Local Health District,1.00
2528,2528,X730,Illawarra Shoalhaven Local Health District,1.00
2529,2529,X730,Illawarra Shoalhaven Local Health District,1.00
2530,2530,X730,Illawarra Shoalhaven Local Health District,1.00
2533,2533,X730,Illawarra Shoalhaven Local Health District,1.00
2534,2534,X730,Illawarra Shoalhaven Local Health District,1.00
2535,2535,X730,Illawarra Shoalhaven Local Health District,1.00
2536,2536,X730,Illawarra Shoalhaven Local Health District,0.14
2536,2536,X830,Southern NSW Local Health District,0.86
2537,2537,X830,Southern NSW Local Health District,1.00
2538,2538,X730,Illawarra Shoalhaven Local Health District,1.00
2539,2539,X730,Illawarra Shoalhaven Local Health District,1.00
2540,2540,X730,Illawarra Shoalhaven Local Health District,0.96
2541,2541,X730,Illawarra Shoalhaven Local Health District,1.00
2545,2545,X830,Southern NSW Local Health District,1.00
2546,2546,X830,Southern NSW Local Health District,1.00
2548,2548,X830,Southern NSW Local Health District,1.00
2549,2549,X830,Southern NSW Local Health District,1.00
2550,2550,X830,Southern NSW Local Health District,1.00
2551,2551,X830,Southern NSW Local Health District,1.00
2555,2555,X710,South Western Sydney Local Health District,0.67
2555,2555,X750,Nepean Blue Mountains Local Health District,0.33
2556,2556,X710,South Western Sydney Local Health District,1.00
2557,2557,X710,South Western Sydney Local Health District,1.00
2558,2558,X710,South Western Sydney Local Health District,1.00
2559,2559,X710,South Western Sydney Local Health District,1.00
2560,2560,X710,South Western Sydney Local Health District,0.70
2560,2560,X730,Illawarra Shoalhaven Local Health District,0.30
2563,2563,X710,South Western Sydney Local Health District,1.00
2564,2564,X710,South Western Sydney Local Health District,1.00
2565,2565,X710,South Western Sydney Local Health District,1.00
2566,2566,X710,South Western Sydney Local Health District,1.00
2567,2567,X710,South Western Sydney Local Health District,1.00
2568,2568,X710,South Western Sydney Local Health District,1.00
2569,2569,X710,South Western Sydney Local Health District,1.00
2570,2570,X710,South Western Sydney Local Health District,1.00
2571,2571,X710,South Western Sydney Local Health District,1.00
2572,2572,X710,South Western Sydney Local Health District,1.00
2573,2573,X710,South Western Sydney Local Health District,1.00
2574,2574,X710,South Western Sydney Local Health District,0.76
2574,2574,X730,Illawarra Shoalhaven Local Health District,0.24
2575,2575,X710,South Western Sydney Local Health District,1.00
2576,2576,X710,South Western Sydney Local Health District,1.00
2577,2577,X710,South Western Sydney Local Health District,0.75
2577,2577,X730,Illawarra Shoalhaven Local Health District,0.25
2578,2578,X710,South Western Sydney Local Health District,1.00
2579,2579,X710,South Western Sydney Local Health District,0.23
2579,2579,X830,Southern NSW Local Health District,0.77
2580,2580,X710,South Western Sydney Local Health District,0.02
2580,2580,X830,Southern NSW Local Health District,0.93
2580,2580,X850,Western NSW Local Health District,0.06
2581,2581,X830,Southern NSW Local Health District,1.00
2582,2582,X830,Southern NSW Local Health District,0.91
2582,2582,X840,Murrumbidgee Local Health District,0.09
2583,2583,X830,Southern NSW Local Health District,0.94
2583,2583,X840,Murrumbidgee Local Health District,0.06
2583,2583,X850,Western NSW Local Health District,0.00
2584,2584,X830,Southern NSW Local Health District,1.00
2585,2585,X840,Murrumbidgee Local Health District,1.00
2586,2586,X830,Southern NSW Local Health District,0.00
2586,2586,X840,Murrumbidgee Local Health District,1.00
2587,2587,X840,Murrumbidgee Local Health District,1.00
2588,2588,X840,Murrumbidgee Local Health District,1.00
2590,2590,X840,Murrumbidgee Local Health District,1.00
2594,2594,X840,Murrumbidgee Local Health District,0.94
2594,2594,X850,Western NSW Local Health District,0.06
2611,2611,X830,Southern NSW Local Health District,0.13
2611,2611,X840,Murrumbidgee Local Health District,0.51
2615,2615,X830,Southern NSW Local Health District,0.00
2617,2617,X830,Southern NSW Local Health District,0.00
2618,2618,X830,Southern NSW Local Health District,0.91
2619,2619,X830,Southern NSW Local Health District,1.00
2620,2620,X830,Southern NSW Local Health District,0.58
2621,2621,X830,Southern NSW Local Health District,1.00
2622,2622,X730,Illawarra Shoalhaven Local Health District,0.23
2622,2622,X830,Southern NSW Local Health District,0.77
2623,2623,X830,Southern NSW Local Health District,1.00
2624,2624,X830,Southern NSW Local Health District,1.00
2624,2624,X840,Murrumbidgee Local Health District,0.00
2625,2625,X830,Southern NSW Local Health District,1.00
2626,2626,X830,Southern NSW Local Health District,1.00
2627,2627,X830,Southern NSW Local Health District,0.84
2627,2627,X840,Murrumbidgee Local Health District,0.16
2628,2628,X830,Southern NSW Local Health District,1.00
2629,2629,X830,Southern NSW Local Health District,0.81
2629,2629,X840,Murrumbidgee Local Health District,0.19
2630,2630,X830,Southern NSW Local Health District,1.00
2631,2631,X830,Southern NSW Local Health District,1.00
2632,2632,X830,Southern NSW Local Health District,1.00
2633,2633,X830,Southern NSW Local Health District,1.00
2640,2640,X840,Murrumbidgee Local Health District,1.00
2641,2641,X840,Murrumbidgee Local Health District,1.00
2642,2642,X840,Murrumbidgee Local Health District,1.00
2643,2643,X840,Murrumbidgee Local Health District,1.00
2644,2644,X840,Murrumbidgee Local Health District,1.00
2645,2645,X840,Murrumbidgee Local Health District,1.00
2646,2646,X840,Murrumbidgee Local Health District,1.00
2647,2647,X840,Murrumbidgee Local Health District,1.00
2648,2648,X860,Far West Local Health District,1.00
2649,2649,X840,Murrumbidgee Local Health District,1.00
2650,2650,X840,Murrumbidgee Local Health District,1.00
2651,2651,X840,Murrumbidgee Local Health District,1.00
2652,2652,X840,Murrumbidgee Local Health District,1.00
2653,2653,X840,Murrumbidgee Local Health District,1.00
2655,2655,X840,Murrumbidgee Local Health District,1.00
2656,2656,X840,Murrumbidgee Local Health District,1.00
2658,2658,X840,Murrumbidgee Local Health District,1.00
2659,2659,X840,Murrumbidgee Local Health District,1.00
2660,2660,X840,Murrumbidgee Local Health District,1.00
2661,2661,X840,Murrumbidgee Local Health District,1.00
2663,2663,X840,Murrumbidgee Local Health District,1.00
2665,2665,X840,Murrumbidgee Local Health District,1.00
2666,2666,X840,Murrumbidgee Local Health District,1.00
2668,2668,X840,Murrumbidgee Local Health District,1.00
2669,2669,X840,Murrumbidgee Local Health District,1.00
2671,2671,X840,Murrumbidgee Local Health District,0.82
2671,2671,X850,Western NSW Local Health District,0.18
2672,2672,X840,Murrumbidgee Local Health District,1.00
2672,2672,X850,Western NSW Local Health District,0.00
2675,2675,X840,Murrumbidgee Local Health District,1.00
2678,2678,X840,Murrumbidgee Local Health District,1.00
2680,2680,X840,Murrumbidgee Local Health District,1.00
2681,2681,X840,Murrumbidgee Local Health District,1.00
2700,2700,X840,Murrumbidgee Local Health District,1.00
2701,2701,X840,Murrumbidgee Local Health District,1.00
2702,2702,X840,Murrumbidgee Local Health District,1.00
2703,2703,X840,Murrumbidgee Local Health District,1.00
2705,2705,X840,Murrumbidgee Local Health District,1.00
2706,2706,X840,Murrumbidgee Local Health District,1.00
2707,2707,X840,Murrumbidgee Local Health District,1.00
2710,2710,X840,Murrumbidgee Local Health District,1.00
2711,2711,X840,Murrumbidgee Local Health District,0.73
2711,2711,X860,Far West Local Health District,0.27
2712,2712,X840,Murrumbidgee Local Health District,1.00
2713,2713,X840,Murrumbidgee Local Health District,1.00
2714,2714,X840,Murrumbidgee Local Health District,1.00
2715,2715,X840,Murrumbidgee Local Health District,0.03
2715,2715,X860,Far West Local Health District,0.97
2716,2716,X840,Murrumbidgee Local Health District,1.00
2717,2717,X860,Far West Local Health District,1.00
2720,2720,X840,Murrumbidgee Local Health District,1.00
2721,2721,X840,Murrumbidgee Local Health District,0.70
2721,2721,X850,Western NSW Local Health District,0.30
2722,2722,X840,Murrumbidgee Local Health District,1.00
2725,2725,X840,Murrumbidgee Local Health District,1.00
2726,2726,X840,Murrumbidgee Local Health District,1.00
2727,2727,X840,Murrumbidgee Local Health District,1.00
2729,2729,X840,Murrumbidgee Local Health District,1.00
2730,2730,X840,Murrumbidgee Local Health District,1.00
2731,2731,X840,Murrumbidgee Local Health District,1.00
2732,2732,X840,Murrumbidgee Local Health District,1.00
2733,2733,X840,Murrumbidgee Local Health District,1.00
2734,2734,X840,Murrumbidgee Local Health District,1.00
2735,2735,X840,Murrumbidgee Local Health District,1.00
2736,2736,X840,Murrumbidgee Local Health District,1.00
2737,2737,X860,Far West Local Health District,1.00
2738,2738,X860,Far West Local Health District,1.00
2739,2739,X860,Far West Local Health District,1.00
2745,2745,X710,South Western Sydney Local Health District,0.41
2745,2745,X750,Nepean Blue Mountains Local Health District,0.59
2747,2747,X740,Western Sydney Local Health District,0.22
2747,2747,X750,Nepean Blue Mountains Local Health District,0.78
2748,2748,X750,Nepean Blue Mountains Local Health District,1.00
2749,2749,X750,Nepean Blue Mountains Local Health District,1.00
2750,2750,X750,Nepean Blue Mountains Local Health District,1.00
2752,2752,X710,South Western Sydney Local Health District,1.00
2753,2753,X750,Nepean Blue Mountains Local Health District,1.00
2754,2754,X750,Nepean Blue Mountains Local Health District,1.00
2756,2756,X740,Western Sydney Local Health District,0.09
2756,2756,X750,Nepean Blue Mountains Local Health District,0.90
2756,2756,X760,Northern Sydney Local Health District,0.01
2757,2757,X750,Nepean Blue Mountains Local Health District,1.00
2758,2758,X750,Nepean Blue Mountains Local Health District,1.00
2759,2759,X750,Nepean Blue Mountains Local Health District,1.00
2760,2760,X740,Western Sydney Local Health District,0.13
2760,2760,X750,Nepean Blue Mountains Local Health District,0.87
2761,2761,X740,Western Sydney Local Health District,1.00
2762,2762,X740,Western Sydney Local Health District,1.00
2763,2763,X740,Western Sydney Local Health District,1.00
2765,2765,X740,Western Sydney Local Health District,0.59
2765,2765,X750,Nepean Blue Mountains Local Health District,0.41
2766,2766,X710,South Western Sydney Local Health District,0.00
2766,2766,X740,Western Sydney Local Health District,1.00
2767,2767,X740,Western Sydney Local Health District,1.00
2768,2768,X740,Western Sydney Local Health District,1.00
2769,2769,X740,Western Sydney Local Health District,1.00
2770,2770,X740,Western Sydney Local Health District,1.00
2773,2773,X750,Nepean Blue Mountains Local Health District,1.00
2774,2774,X750,Nepean Blue Mountains Local Health District,1.00
2775,2775,X740,Western Sydney Local Health District,0.01
2775,2775,X750,Nepean Blue Mountains Local Health District,0.78
2775,2775,X760,Northern Sydney Local Health District,0.04
2775,2775,X770,Central Coast Local Health District,0.16
2776,2776,X750,Nepean Blue Mountains Local Health District,1.00
2777,2777,X750,Nepean Blue Mountains Local Health District,1.00
2778,2778,X750,Nepean Blue Mountains Local Health District,1.00
2779,2779,X750,Nepean Blue Mountains Local Health District,1.00
2780,2780,X750,Nepean Blue Mountains Local Health District,1.00
2782,2782,X750,Nepean Blue Mountains Local Health District,1.00
2783,2783,X750,Nepean Blue Mountains Local Health District,1.00
2784,2784,X750,Nepean Blue Mountains Local Health District,1.00
2785,2785,X750,Nepean Blue Mountains Local Health District,1.00
2785,2785,X850,Western NSW Local Health District,0.00
2786,2786,X750,Nepean Blue Mountains Local Health District,1.00
2787,2787,X710,South Western Sydney Local Health District,0.31
2787,2787,X750,Nepean Blue Mountains Local Health District,0.24
2787,2787,X830,Southern NSW Local Health District,0.01
2787,2787,X850,Western NSW Local Health District,0.43
2790,2790,X750,Nepean Blue Mountains Local Health District,0.89
2790,2790,X850,Western NSW Local Health District,0.11
2791,2791,X850,Western NSW Local Health District,1.00
2792,2792,X850,Western NSW Local Health District,1.00
2793,2793,X850,Western NSW Local Health District,1.00
2794,2794,X840,Murrumbidgee Local Health District,0.15
2794,2794,X850,Western NSW Local Health District,0.85
2795,2795,X750,Nepean Blue Mountains Local Health District,0.07
2795,2795,X850,Western NSW Local Health District,0.93
2797,2797,X850,Western NSW Local Health District,1.00
2798,2798,X850,Western NSW Local Health District,1.00
2799,2799,X850,Western NSW Local Health District,1.00
2800,2800,X850,Western NSW Local Health District,1.00
2803,2803,X840,Murrumbidgee Local Health District,1.00
2804,2804,X850,Western NSW Local Health District,1.00
2805,2805,X850,Western NSW Local Health District,1.00
2806,2806,X850,Western NSW Local Health District,1.00
2807,2807,X840,Murrumbidgee Local Health District,0.22
2807,2807,X850,Western NSW Local Health District,0.78
2808,2808,X840,Murrumbidgee Local Health District,0.68
2808,2808,X850,Western NSW Local Health District,0.32
2809,2809,X850,Western NSW Local Health District,1.00
2810,2810,X850,Western NSW Local Health District,1.00
2817,2817,X850,Western NSW Local Health District,1.00
2818,2818,X850,Western NSW Local Health District,1.00
2820,2820,X850,Western NSW Local Health District,1.00
2821,2821,X850,Western NSW Local Health District,1.00
2822,2822,X850,Western NSW Local Health District,1.00
2823,2823,X850,Western NSW Local Health District,1.00
2824,2824,X850,Western NSW Local Health District,1.00
2825,2825,X850,Western NSW Local Health District,1.00
2826,2826,X850,Western NSW Local Health District,1.00
2827,2827,X850,Western NSW Local Health District,1.00
2828,2828,X850,Western NSW Local Health District,1.00
2829,2829,X850,Western NSW Local Health District,1.00
2830,2830,X850,Western NSW Local Health District,1.00
2831,2831,X850,Western NSW Local Health District,1.00
2832,2832,X850,Western NSW Local Health District,1.00
2833,2833,X800,Hunter New England Local Health District,0.12
2833,2833,X850,Western NSW Local Health District,0.88
2834,2834,X850,Western NSW Local Health District,1.00
2835,2835,X850,Western NSW Local Health District,1.00
2835,2835,X860,Far West Local Health District,0.00
2836,2836,X860,Far West Local Health District,1.00
2838,2838,X850,Western NSW Local Health District,1.00
2839,2839,X850,Western NSW Local Health District,1.00
2840,2840,X850,Western NSW Local Health District,0.72
2840,2840,X860,Far West Local Health District,0.28
2842,2842,X850,Western NSW Local Health District,1.00
2843,2843,X850,Western NSW Local Health District,1.00
2844,2844,X850,Western NSW Local Health District,1.00
2845,2845,X750,Nepean Blue Mountains Local Health District,1.00
2846,2846,X750,Nepean Blue Mountains Local Health District,1.00
2847,2847,X750,Nepean Blue Mountains Local Health District,1.00
2848,2848,X750,Nepean Blue Mountains Local Health District,0.07
2848,2848,X850,Western NSW Local Health District,0.93
2849,2849,X750,Nepean Blue Mountains Local Health District,0.30
2849,2849,X800,Hunter New England Local Health District,0.00
2849,2849,X850,Western NSW Local Health District,0.69
2850,2850,X750,Nepean Blue Mountains Local Health District,0.01
2850,2850,X800,Hunter New England Local Health District,0.02
2850,2850,X850,Western NSW Local Health District,0.97
2852,2852,X850,Western NSW Local Health District,1.00
2864,2864,X850,Western NSW Local Health District,1.00
2865,2865,X850,Western NSW Local Health District,1.00
2866,2866,X850,Western NSW Local Health District,1.00
2867,2867,X850,Western NSW Local Health District,1.00
2868,2868,X850,Western NSW Local Health District,1.00
2869,2869,X850,Western NSW Local Health District,1.00
2870,2870,X850,Western NSW Local Health District,1.00
2871,2871,X850,Western NSW Local Health District,1.00
2873,2873,X850,Western NSW Local Health District,1.00
2874,2874,X850,Western NSW Local Health District,1.00
2875,2875,X850,Western NSW Local Health District,1.00
2876,2876,X850,Western NSW Local Health District,1.00
2877,2877,X850,Western NSW Local Health District,1.00
2878,2878,X840,Murrumbidgee Local Health District,0.08
2878,2878,X860,Far West Local Health District,0.92
2879,2879,X860,Far West Local Health District,1.00
2880,2880,X860,Far West Local Health District,1.00
2898,2898,X720,South Eastern Sydney Local Health District,0.98
3644,3644,X840,Murrumbidgee Local Health District,0.44
3691,3691,X840,Murrumbidgee Local Health District,0.01
3707,3707,X840,Murrumbidgee Local Health District,0.03
3730,3730,X840,Murrumbidgee Local Health District,0.00
3888,3888,X830,Southern NSW Local Health District,0.00
4211,4211,X810,Northern NSW Local Health District,0.00
4223,4223,X810,Northern NSW Local Health District,0.00
4224,4224,X810,Northern NSW Local Health District,0.00
4225,4225,X810,Northern NSW Local Health District,0.00
4228,4228,X810,Northern NSW Local Health District,0.00
4275,4275,X810,Northern NSW Local Health District,0.00
4287,4287,X810,Northern NSW Local Health District,0.00
4310,4310,X810,Northern NSW Local Health District,0.00
4370,4370,X800,Hunter New England Local Health District,0.00
4373,4373,X800,Hunter New England Local Health District,0.00
4373,4373,X810,Northern NSW Local Health District,0.00
4374,4374,X800,Hunter New England Local Health District,0.00
4375,4375,X800,Hunter New England Local Health District,0.35
4377,4377,X800,Hunter New England Local Health District,0.83
4378,4378,X800,Hunter New England Local Health District,0.00
4380,4380,X800,Hunter New England Local Health District,0.10
4382,4382,X800,Hunter New England Local Health District,0.00
4383,4383,X800,Hunter New England Local Health District,0.59
4385,4385,X800,Hunter New England Local Health District,0.29
4388,4388,X800,Hunter New England Local Health District,0.00
4390,4390,X800,Hunter New England Local Health District,0.00
4486,4486,X850,Western NSW Local Health District,0.00
4490,4490,X850,Western NSW Local Health District,0.00
4494,4494,X800,Hunter New England Local Health District,0.00
4496,4496,X800,Hunter New England Local Health District,0.00
4498,4498,X800,Hunter New England Local Health District,0.00
